timestamp,project_name,run_id,duration,emissions,emissions_rate,cpu_power,gpu_power,ram_power,cpu_energy,gpu_energy,ram_energy,energy_consumed,country_name,country_iso_code,region,cloud_provider,cloud_region,os,python_version,codecarbon_version,cpu_count,cpu_model,gpu_count,gpu_model,longitude,latitude,ram_total_size,tracking_mode,on_cloud,pue
2024-04-26T11:28:02,ntnu_finetune,022ec0f4-6821-4dbd-a560-4e1d24cbda63,92.21818733215332,9.498119365197444e-05,1.0299616203674583e-06,42.5,111.166361012478,0.6671562194824219,0.0010886858529514,0.0021758139628719,1.9206101271581228e-05,0.003283705917095,Norway,NOR,trøndelag,,,Linux-5.15.0-105-generic-x86_64-with-glibc2.35,3.10.12,2.3.5,24,AMD Ryzen 9 7900X 12-Core Processor,1,1 x NVIDIA GeForce RTX 4090,10.4012,63.4277,61.94271469116211,process,N,1.0
2024-04-26T11:39:32,ntnu_finetune,2f30d3a7-c854-422d-8035-9b25076d2c7f,228.7644805908203,0.0004064305755611,1.7766332190711054e-06,42.5,82.2659026132995,0.7193598747253418,0.0027006883536775,0.011232390374794,0.000118107980645,0.0140511867091166,Norway,NOR,trøndelag,,,Linux-5.15.0-105-generic-x86_64-with-glibc2.35,3.10.12,2.3.5,24,AMD Ryzen 9 7900X 12-Core Processor,1,1 x NVIDIA GeForce RTX 4090,10.4012,63.4277,61.94271469116211,process,N,1.0
2024-04-26T11:42:09,ntnu_finetune,90b6b55c-783c-4d5a-95a9-e89dd2a11755,33.19200539588928,5.6804266505611525e-05,1.7113839862368346e-06,42.5,172.76313247676734,0.6868858337402345,0.0003918495486179,0.0015624379166159,9.559259246954354e-06,0.0019638467244809,Norway,NOR,trøndelag,,,Linux-5.15.0-105-generic-x86_64-with-glibc2.35,3.10.12,2.3.5,24,AMD Ryzen 9 7900X 12-Core Processor,1,1 x NVIDIA GeForce RTX 4090,10.4012,63.4277,61.94271469116211,process,N,1.0
2024-04-26T11:50:12,ntnu_finetune,a778fef2-c7bc-484f-b8a7-7cc7699adba1,209.59040641784668,0.0003712370079933,1.771250002985607e-06,42.5,210.2229917939396,0.7092061042785645,0.0024743282033337,0.0102545140369379,0.0001056264889716,0.0128344687292434,Norway,NOR,trøndelag,,,Linux-5.15.0-105-generic-x86_64-with-glibc2.35,3.10.12,2.3.5,24,AMD Ryzen 9 7900X 12-Core Processor,1,1 x NVIDIA GeForce RTX 4090,10.4012,63.4277,61.94271469116211,process,N,1.0
2024-04-26T12:01:46,ntnu_finetune,bc08ec9a-974b-4a95-ad17-e3c11ff46c40,32.69476342201233,5.754669083877991e-05,1.7601195058666666e-06,42.5,176.72213943270052,0.6780209541320801,0.0003859793139828,0.001594120164184,9.414466129763924e-06,0.0019895139442966,Norway,NOR,trøndelag,,,Linux-5.15.0-105-generic-x86_64-with-glibc2.35,3.10.12,2.3.5,24,AMD Ryzen 9 7900X 12-Core Processor,1,1 x NVIDIA GeForce RTX 4090,10.4012,63.4277,61.94271469116211,process,N,1.0
2024-04-26T13:02:12,ntnu_finetune,206aa144-998e-47d2-a5a6-fd54e227a0d6,3560.909009695053,0.0063240517125076,1.7759655456765727e-06,42.5,310.95719570079973,0.8242950439453125,0.0420384616588552,0.174736735900388,0.0018609895628898,0.218636187122133,Norway,NOR,trøndelag,,,Linux-5.15.0-105-generic-x86_64-with-glibc2.35,3.10.12,2.3.5,24,AMD Ryzen 9 7900X 12-Core Processor,1,1 x NVIDIA GeForce RTX 4090,10.4012,63.4277,61.94271469116211,process,N,1.0
2024-04-27T16:45:44,ntnu_finetune,0bd16c4a-f5a5-4632-9486-d44a90b85d3a,67.5721082687378,8.810906676189857e-05,1.3039265611113425e-06,42.5,188.7625709757115,0.6205630302429199,0.0007977252648936,0.0022318945632919,1.650175390249122e-05,0.0030461215820881,Norway,NOR,trøndelag,,,Linux-5.15.0-105-generic-x86_64-with-glibc2.35,3.10.12,2.3.5,24,AMD Ryzen 9 7900X 12-Core Processor,1,1 x NVIDIA GeForce RTX 4090,10.4012,63.4277,61.94271469116211,process,N,1.0
2024-04-27T16:51:36,ntnu_finetune,a4d02fd2-127c-4d5b-8c25-0e8c00a2e204,28.53379201889038,2.51695816514176e-05,8.820973263825026e-07,42.5,66.71080678474988,0.3545708656311035,0.0003368564056025,0.000526903754856,6.4068802126576925e-06,0.0008701670406713,Norway,NOR,trøndelag,,,Linux-5.15.0-105-generic-x86_64-with-glibc2.35,3.10.12,2.3.5,24,AMD Ryzen 9 7900X 12-Core Processor,1,1 x NVIDIA GeForce RTX 4090,10.4012,63.4277,61.94271469116211,process,N,1.0
2024-04-27T17:00:09,ntnu_finetune,bae5837f-25bb-40b2-b13a-2d787faf0fa1,23.887936115264893,2.140671743938188e-05,8.961308895037833e-07,42.5,58.34917939155197,0.3128972053527832,0.000282009346452,0.0004523709174519,5.696397785945162e-06,0.0007400766616899,Norway,NOR,trøndelag,,,Linux-5.15.0-105-generic-x86_64-with-glibc2.35,3.10.12,2.3.5,24,AMD Ryzen 9 7900X 12-Core Processor,1,1 x NVIDIA GeForce RTX 4090,10.4012,63.4277,61.94271469116211,process,N,1.0
2024-04-27T17:14:47,ntnu_finetune,fbd82f02-87b1-4866-af67-3b0cf23ceb01,77.75898170471191,8.732306026307436e-05,1.1229964481104168e-06,42.5,172.71014339649815,0.6185073852539062,0.0009179871762792,0.00208784194805,1.3118507929170942e-05,0.0030189476322584,Norway,NOR,trøndelag,,,Linux-5.15.0-105-generic-x86_64-with-glibc2.35,3.10.12,2.3.5,24,AMD Ryzen 9 7900X 12-Core Processor,1,1 x NVIDIA GeForce RTX 4090,10.4012,63.4277,61.942718505859375,process,N,1.0
2024-04-27T17:20:25,ntnu_finetune,17007a22-bba0-425a-b6ae-28aa46b55577,33.78325533866882,5.5545458015527487e-05,1.6441712753462609e-06,42.5,212.0079904102253,0.6416516304016113,0.000398829529186,0.001512050931862,9.44652306692954e-06,0.001920326984115,Norway,NOR,trøndelag,,,Linux-5.15.0-105-generic-x86_64-with-glibc2.35,3.10.12,2.3.5,24,AMD Ryzen 9 7900X 12-Core Processor,1,1 x NVIDIA GeForce RTX 4090,10.4012,63.4277,61.942718505859375,process,N,1.0
2024-04-27T17:49:44,ntnu_finetune,e826916a-fe42-40a3-aac1-f92cefed5e58,282.3206422328949,0.0004876238725279,1.727198793085992e-06,42.5,207.0502251100524,0.724431037902832,0.0033329482518964,0.0133774345908279,0.0001478322835649,0.0168582151262893,Norway,NOR,trøndelag,,,Linux-5.15.0-105-generic-x86_64-with-glibc2.35,3.10.12,2.3.5,24,AMD Ryzen 9 7900X 12-Core Processor,1,1 x NVIDIA GeForce RTX 4090,10.4012,63.4277,61.942718505859375,process,N,1.0
2024-04-27T17:58:02,ntnu_finetune,f4356b93-adf3-45ed-8fd5-5981dd29f544,308.80797290802,0.0005252304568349,1.7008319179354527e-06,42.5,121.69929475566256,0.7646641731262207,0.0036456445546613,0.014339308971438,0.0001734028035429,0.0181583563296424,Norway,NOR,trøndelag,,,Linux-5.15.0-105-generic-x86_64-with-glibc2.35,3.10.12,2.3.5,24,AMD Ryzen 9 7900X 12-Core Processor,1,1 x NVIDIA GeForce RTX 4090,10.4012,63.4277,61.942718505859375,process,N,1.0
2024-04-27T18:05:03,ntnu_finetune,6f317913-8f58-4a3d-a264-173d741a2e3d,327.1321301460266,0.0005291997666408,1.6176942521805335e-06,42.5,200.3767548128052,0.7904090881347656,0.0038619712111022,0.0142478766760699,0.000185736093495,0.0182955839806672,Norway,NOR,trøndelag,,,Linux-5.15.0-105-generic-x86_64-with-glibc2.35,3.10.12,2.3.5,24,AMD Ryzen 9 7900X 12-Core Processor,1,1 x NVIDIA GeForce RTX 4090,10.4012,63.4277,61.942718505859375,process,N,1.0
2024-04-27T18:11:33,ntnu_finetune,9c19036d-db1e-44a1-9ec6-2e56af18f6fe,281.8519058227539,0.0004871433766794,1.7283664456958354e-06,42.5,75.93024604099679,0.7357563972473145,0.0033274148987399,0.013373910421342,0.000140278022337,0.016841603342419,Norway,NOR,trøndelag,,,Linux-5.15.0-105-generic-x86_64-with-glibc2.35,3.10.12,2.3.5,24,AMD Ryzen 9 7900X 12-Core Processor,1,1 x NVIDIA GeForce RTX 4090,10.4012,63.4277,61.942718505859375,process,N,1.0
2024-04-27T18:12:41,ntnu_finetune,0e945f91-10d0-4611-b63d-d002692040cf,19.695736169815063,2.456471277538364e-05,1.2472096784597767e-06,42.5,112.111062281394,0.6194286346435547,0.0002325188964605,0.00061334910179,3.3874131715397954e-06,0.000849255411422,Norway,NOR,trøndelag,,,Linux-5.15.0-105-generic-x86_64-with-glibc2.35,3.10.12,2.3.5,24,AMD Ryzen 9 7900X 12-Core Processor,1,1 x NVIDIA GeForce RTX 4090,10.4012,63.4277,61.942718505859375,process,N,1.0
2024-04-27T18:28:38,ntnu_finetune,42839266-bf1c-4f4f-9885-5c0e9ec78001,793.696163892746,0.0013601404372058,1.71367898584127e-06,42.5,133.6025523963504,0.7802023887634277,0.0093700119611289,0.0372190917196939,0.0004339019269844,0.0470230056078073,Norway,NOR,trøndelag,,,Linux-5.15.0-105-generic-x86_64-with-glibc2.35,3.10.12,2.3.5,24,AMD Ryzen 9 7900X 12-Core Processor,1,1 x NVIDIA GeForce RTX 4090,10.4012,63.4277,61.942718505859375,process,N,1.0
2024-04-27T18:30:20,ntnu_finetune,fe580d82-846c-4ec9-9af5-6df301a93907,32.57203984260559,5.259830806262866e-05,1.6148300295834672e-06,42.5,180.1432184715801,0.760671615600586,0.0003845304010642,0.0014219880820339,1.1919133587253724e-05,0.0018184376166855,Norway,NOR,trøndelag,,,Linux-5.15.0-105-generic-x86_64-with-glibc2.35,3.10.12,2.3.5,24,AMD Ryzen 9 7900X 12-Core Processor,1,1 x NVIDIA GeForce RTX 4090,10.4012,63.4277,61.942718505859375,process,N,1.0
2024-04-27T18:38:35,ntnu_finetune,eb8efddb-d9f5-48a7-ab42-614aa369aeb1,90.72319316864014,0.0001904580957995,2.099331925469996e-06,42.5,190.7165556003476,0.7303504943847656,0.0010710364671217,0.005453267695944,6.024538920761292e-05,0.0065845495522733,Norway,NOR,trøndelag,,,Linux-5.15.0-105-generic-x86_64-with-glibc2.35,3.10.12,2.3.5,24,AMD Ryzen 9 7900X 12-Core Processor,1,1 x NVIDIA GeForce RTX 4090,10.4012,63.4277,61.942718505859375,process,N,1.0
2024-04-27T18:55:45,ntnu_finetune,34ff5a7c-833e-424f-a546-c1a53d9c36b7,889.2089681625366,0.0015726615089271,1.768607341170724e-06,42.5,207.189632990256,0.7926464080810547,0.010497591609425,0.043377209979518,0.0004955185122533,0.0543703201011964,Norway,NOR,trøndelag,,,Linux-5.15.0-105-generic-x86_64-with-glibc2.35,3.10.12,2.3.5,24,AMD Ryzen 9 7900X 12-Core Processor,1,1 x NVIDIA GeForce RTX 4090,10.4012,63.4277,61.942718505859375,process,N,1.0
2024-04-27T19:16:48,ntnu_finetune,c431c88e-87f4-4f7d-9cca-6eaa65e69cd8,465.3874278068543,0.0008227459286217,1.767873129918702e-06,42.5,212.63898195119413,0.8072061538696289,0.0054941504546337,0.0227054628865779,0.0002444982792452,0.0284441116204569,Norway,NOR,trøndelag,,,Linux-5.15.0-105-generic-x86_64-with-glibc2.35,3.10.12,2.3.5,24,AMD Ryzen 9 7900X 12-Core Processor,1,1 x NVIDIA GeForce RTX 4090,10.4012,63.4277,61.942718505859375,process,N,1.0
2024-04-27T19:20:28,ntnu_finetune,c73dd5f1-ed6b-496d-a14e-199fdf2c11fe,157.48118019104004,0.000283201580814,1.7983201578150055e-06,42.5,212.390883120414,0.7409892082214355,0.0018591500014066,0.00785240767081,7.933535506222796e-05,0.0097908930272789,Norway,NOR,trøndelag,,,Linux-5.15.0-105-generic-x86_64-with-glibc2.35,3.10.12,2.3.5,24,AMD Ryzen 9 7900X 12-Core Processor,1,1 x NVIDIA GeForce RTX 4090,10.4012,63.4277,61.942718505859375,process,N,1.0
2024-04-27T19:33:30,ntnu_finetune,a686e4e2-a63e-4870-aa62-fb8f59f26414,689.8990466594696,0.0011905542315784,1.7256934001331744e-06,42.5,27.64803905928555,0.7949237823486328,0.0081446303178866,0.0326451861161281,0.0003702261443228,0.0411600425783376,Norway,NOR,trøndelag,,,Linux-5.15.0-105-generic-x86_64-with-glibc2.35,3.10.12,2.3.5,24,AMD Ryzen 9 7900X 12-Core Processor,1,1 x NVIDIA GeForce RTX 4090,10.4012,63.4277,61.942718505859375,process,N,1.0
2024-04-27T19:38:36,ntnu_finetune,db40d45a-7cf4-4531-9719-599a9313ff9f,26.45636940002441,4.887725907329226e-05,1.8474666094300583e-06,42.5,114.16974448695456,0.6974887847900391,0.0003123316264814,0.0013675594273799,9.90182680551186e-06,0.0016897928806669,Norway,NOR,trøndelag,,,Linux-5.15.0-105-generic-x86_64-with-glibc2.35,3.10.12,2.3.5,24,AMD Ryzen 9 7900X 12-Core Processor,1,1 x NVIDIA GeForce RTX 4090,10.4012,63.4277,61.942718505859375,process,N,1.0
2024-04-27T19:53:15,ntnu_finetune,b1c4170e-9889-45de-809b-944fb1a86a81,616.5134387016296,0.0010660150864177,1.7291027567261954e-06,42.5,33.2590067803751,0.7435297966003418,0.0072782748189237,0.029225856158444,0.0003503231770914,0.0368544541544592,Norway,NOR,trøndelag,,,Linux-5.15.0-105-generic-x86_64-with-glibc2.35,3.10.12,2.3.5,24,AMD Ryzen 9 7900X 12-Core Processor,1,1 x NVIDIA GeForce RTX 4090,10.4012,63.4277,61.942718505859375,process,N,1.0
2024-04-27T20:05:52,ntnu_finetune,5d1d6091-7fef-4ff2-8d44-320e2de93ee1,4.407466888427734,2.56451790681366e-06,5.818575548569792e-07,42.5,29.094199960291103,0.9064822196960448,5.203225745095147e-05,3.5523361752054505e-05,1.105328309998678e-06,8.866094751300466e-05,Norway,NOR,trøndelag,,,Linux-5.15.0-105-generic-x86_64-with-glibc2.35,3.10.12,2.3.5,24,AMD Ryzen 9 7900X 12-Core Processor,1,1 x NVIDIA GeForce RTX 4090,10.4012,63.4277,61.942718505859375,process,N,1.0
2024-04-27T20:08:40,ntnu_finetune,13db3621-755d-42c4-83ed-c607bad3357b,4.033506870269775,2.3462441722202563e-06,5.816884035859672e-07,42.5,28.99609943428917,0.906379222869873,4.761753612094456e-05,3.2483359319934735e-05,1.0138555433992262e-06,8.111475098427852e-05,Norway,NOR,trøndelag,,,Linux-5.15.0-105-generic-x86_64-with-glibc2.35,3.10.12,2.3.5,24,AMD Ryzen 9 7900X 12-Core Processor,1,1 x NVIDIA GeForce RTX 4090,10.4012,63.4277,61.942718505859375,process,N,1.0
2024-04-27T20:20:10,ntnu_finetune,07f02bbc-ea3b-4d65-94d7-a1449615d56c,377.6352708339691,0.0008305420449952,2.199323286622748e-06,42.5,42.97549635002478,0.7233467102050781,0.0044581894775231,0.0240323208925079,0.0002231299063815,0.0287136402764126,Norway,NOR,trøndelag,,,Linux-5.15.0-105-generic-x86_64-with-glibc2.35,3.10.12,2.3.5,24,AMD Ryzen 9 7900X 12-Core Processor,1,1 x NVIDIA GeForce RTX 4090,10.4012,63.4277,61.942718505859375,process,N,1.0
2024-04-27T20:34:47,ntnu_finetune,b31fda65-8b98-42a5-8f7f-b0e1698314b4,622.0036325454712,0.0010677355886936,1.7166066769161115e-06,42.5,35.61245280970732,0.7648601531982422,0.0073430901365147,0.029245862007782,0.0003249835063041,0.0369139356506009,Norway,NOR,trøndelag,,,Linux-5.15.0-105-generic-x86_64-with-glibc2.35,3.10.12,2.3.5,24,AMD Ryzen 9 7900X 12-Core Processor,1,1 x NVIDIA GeForce RTX 4090,10.4012,63.4277,61.942718505859375,process,N,1.0
2024-04-27T20:50:35,ntnu_finetune,83a54e90-9dba-4a67-908d-a8b1376b79b2,545.2791907787323,0.0009419843857752,1.72752674539073e-06,42.5,36.67929636660355,0.7974200248718262,0.0064373167124059,0.025825513160394,0.0003036138877972,0.0325664437605972,Norway,NOR,trøndelag,,,Linux-5.15.0-105-generic-x86_64-with-glibc2.35,3.10.12,2.3.5,24,AMD Ryzen 9 7900X 12-Core Processor,1,1 x NVIDIA GeForce RTX 4090,10.4012,63.4277,61.942718505859375,process,N,1.0
2024-04-27T21:05:25,ntnu_finetune,2b8be6ba-0ec6-4570-8ef9-24f0cf652974,771.5274622440338,0.0012730292910265,1.6500116370761716e-06,42.5,26.390485111809333,0.7568664550781251,0.009108300545646,0.034452519784216,0.0004505639752892,0.0440113843051513,Norway,NOR,trøndelag,,,Linux-5.15.0-105-generic-x86_64-with-glibc2.35,3.10.12,2.3.5,24,AMD Ryzen 9 7900X 12-Core Processor,1,1 x NVIDIA GeForce RTX 4090,10.4012,63.4277,61.942718505859375,process,N,1.0
2024-04-27T21:16:39,ntnu_finetune,d82792b3-f36f-4e70-a052-bcd09f44921f,572.0496547222137,0.0010558749205789,1.845774946043175e-06,42.5,42.78245865958682,0.7106423377990723,0.0067533554030789,0.029469053853002,0.0002814773672175,0.0365038866232985,Norway,NOR,trøndelag,,,Linux-5.15.0-105-generic-x86_64-with-glibc2.35,3.10.12,2.3.5,24,AMD Ryzen 9 7900X 12-Core Processor,1,1 x NVIDIA GeForce RTX 4090,10.4012,63.4277,61.942718505859375,process,N,1.0
2024-04-27T21:30:00,ntnu_finetune,8af28d96-6fb1-418b-8871-d70648d70526,592.459746837616,0.0010926300932226,1.8442267159158388e-06,42.5,40.76129593916718,0.7213339805603027,0.0069943078991439,0.0304956413409379,0.0002846434383162,0.0377745926783981,Norway,NOR,trøndelag,,,Linux-5.15.0-105-generic-x86_64-with-glibc2.35,3.10.12,2.3.5,24,AMD Ryzen 9 7900X 12-Core Processor,1,1 x NVIDIA GeForce RTX 4090,10.4012,63.4277,61.942718505859375,process,N,1.0
2024-04-27T21:45:05,ntnu_finetune,06dbd5b8-3b74-4296-b863-7675453188b3,599.9208993911743,0.0009747617505381,1.6248171242698246e-06,42.5,66.56886613700375,0.6931943893432617,0.0070823915412028,0.026357888308516,0.0002593485180644,0.0336996283677833,Norway,NOR,trøndelag,,,Linux-5.15.0-105-generic-x86_64-with-glibc2.35,3.10.12,2.3.5,24,AMD Ryzen 9 7900X 12-Core Processor,1,1 x NVIDIA GeForce RTX 4090,10.4012,63.4277,61.942718505859375,process,N,1.0
2024-04-27T21:50:16,ntnu_finetune,c6ad0ab5-803b-4721-89ac-fa32470ed5e7,40.406514406204224,6.29787144279501e-05,1.558627744893532e-06,42.5,59.721318042110006,0.7016859054565431,0.0004770204386777,0.0016887249620901,1.1565383258037325e-05,0.0021773107840259,Norway,NOR,trøndelag,,,Linux-5.15.0-105-generic-x86_64-with-glibc2.35,3.10.12,2.3.5,24,AMD Ryzen 9 7900X 12-Core Processor,1,1 x NVIDIA GeForce RTX 4090,10.4012,63.4277,61.942718505859375,process,N,1.0
2024-04-27T21:53:27,ntnu_finetune,04dac218-0228-447a-bc66-431069695dfc,49.9493579864502,8.737683550107846e-05,1.749308480096606e-06,42.5,254.3666372205556,0.7001123428344727,0.0005896790256102,0.0024094324830999,2.1695250186121103e-05,0.0030208067588964,Norway,NOR,trøndelag,,,Linux-5.15.0-105-generic-x86_64-with-glibc2.35,3.10.12,2.3.5,24,AMD Ryzen 9 7900X 12-Core Processor,1,1 x NVIDIA GeForce RTX 4090,10.4012,63.4277,61.942718505859375,process,N,1.0
2024-04-27T22:05:17,ntnu_finetune,6b0bc67d-0138-4672-9b84-de120b084f25,605.7589476108551,0.0010369200140387,1.7117700334900269e-06,42.5,34.02399887565196,0.7221636772155762,0.0071513110410836,0.028425841073988,0.0002714222682893,0.0358485743833609,Norway,NOR,trøndelag,,,Linux-5.15.0-105-generic-x86_64-with-glibc2.35,3.10.12,2.3.5,24,AMD Ryzen 9 7900X 12-Core Processor,1,1 x NVIDIA GeForce RTX 4090,10.4012,63.4277,61.942718505859375,process,N,1.0
2024-04-29T21:23:54,ntnu_finetune,ab8a0548-a1f4-4eb8-87e9-55c7061516f5,439.2519297599793,0.0006519514844836,1.4842313495126117e-06,42.5,36.84769589013536,0.74505615234375,0.0051856070278419,0.0171638628977459,0.0001899072389297,0.0225393771645176,Norway,NOR,trøndelag,,,Linux-5.15.0-105-generic-x86_64-with-glibc2.35,3.10.12,2.3.5,24,AMD Ryzen 9 7900X 12-Core Processor,1,1 x NVIDIA GeForce RTX 4090,10.4012,63.4277,61.942718505859375,process,N,1.0
2024-04-29T21:41:41,ntnu_finetune,4d7001a9-f905-41f0-821e-f2099ed05bfa,911.418018102646,0.0012662847573433,1.3893567300539718e-06,42.5,46.824635369139365,0.754918098449707,0.0107597844675183,0.0326035971939679,0.000414829482623,0.0437782111441093,Norway,NOR,trøndelag,,,Linux-5.15.0-105-generic-x86_64-with-glibc2.35,3.10.12,2.3.5,24,AMD Ryzen 9 7900X 12-Core Processor,1,1 x NVIDIA GeForce RTX 4090,10.4012,63.4277,61.942718505859375,process,N,1.0
2024-04-29T21:55:21,ntnu_finetune,e7c5460e-fa23-44d6-80b5-3f084ee46419,538.001321554184,0.0009208467816546,1.7116069138911102e-06,42.5,45.02243501597181,0.7374773025512695,0.0063513973216215,0.0252430521388699,0.0002412214696621,0.0318356709301536,Norway,NOR,trøndelag,,,Linux-5.15.0-105-generic-x86_64-with-glibc2.35,3.10.12,2.3.5,24,AMD Ryzen 9 7900X 12-Core Processor,1,1 x NVIDIA GeForce RTX 4090,10.4012,63.4277,61.942718505859375,process,N,1.0
2024-04-29T22:09:51,ntnu_finetune,900f0384-df63-475d-aae4-333dd55a816a,640.374018907547,0.0011035085664838,1.7232250745686846e-06,42.5,42.62490240211747,0.7173900604248047,0.0075599624830815,0.030300072295594,0.0002906503201594,0.0381506850988351,Norway,NOR,trøndelag,,,Linux-5.15.0-105-generic-x86_64-with-glibc2.35,3.10.12,2.3.5,24,AMD Ryzen 9 7900X 12-Core Processor,1,1 x NVIDIA GeForce RTX 4090,10.4012,63.4277,61.942718505859375,process,N,1.0
2024-04-29T22:22:11,ntnu_finetune,a62b5027-1e22-4651-8480-af2074dc43f8,472.0639760494232,0.000789084882294,1.6715634370104774e-06,42.5,43.66603115065448,0.7352356910705566,0.0055729702134927,0.0214907619148179,0.0002166440962011,0.0272803762245118,Norway,NOR,trøndelag,,,Linux-5.15.0-105-generic-x86_64-with-glibc2.35,3.10.12,2.3.5,24,AMD Ryzen 9 7900X 12-Core Processor,1,1 x NVIDIA GeForce RTX 4090,10.4012,63.4277,61.942718505859375,process,N,1.0
2024-04-29T22:45:26,ntnu_finetune,3cbb0a93-3ab9-4d37-8409-8cf9639063cd,513.6453824043274,0.0008601292512828,1.6745585198422904e-06,42.5,44.1457582088612,0.7286338806152344,0.006063860808644,0.0234398118073899,0.000232861568333,0.029736534184367,Norway,NOR,trøndelag,,,Linux-5.15.0-105-generic-x86_64-with-glibc2.35,3.10.12,2.3.5,24,AMD Ryzen 9 7900X 12-Core Processor,1,1 x NVIDIA GeForce RTX 4090,10.4012,63.4277,61.942718505859375,process,N,1.0
2024-04-29T23:13:24,ntnu_finetune,ce984d3e-6477-4569-9ef2-c0fd6bb2f14f,728.8362472057343,0.0015521655362331,2.1296492074646143e-06,42.5,35.0401577203714,0.7402338981628418,0.0086043065168791,0.0446500990533839,0.0004073242908665,0.0536617298611296,Norway,NOR,trøndelag,,,Linux-5.15.0-105-generic-x86_64-with-glibc2.35,3.10.12,2.3.5,24,AMD Ryzen 9 7900X 12-Core Processor,1,1 x NVIDIA GeForce RTX 4090,10.4012,63.4277,61.942718505859375,process,N,1.0
2024-04-29T23:29:20,ntnu_finetune,3914f1b7-5eff-41b0-b3af-2d8f20533adc,798.7342624664307,0.0015982452079703,2.0009723922885733e-06,42.5,46.16615454069377,0.746070384979248,0.0094294911490546,0.0453554876732499,0.0004698252561847,0.0552548040784892,Norway,NOR,trøndelag,,,Linux-5.15.0-105-generic-x86_64-with-glibc2.35,3.10.12,2.3.5,24,AMD Ryzen 9 7900X 12-Core Processor,1,1 x NVIDIA GeForce RTX 4090,10.4012,63.4277,61.942718505859375,process,N,1.0
2024-04-29T23:40:31,ntnu_finetune,4517173b-0538-4254-9e7f-11f62f182fc7,551.0194063186646,0.0009242139478276,1.6772802141438849e-06,42.5,43.00731019243374,0.7272119522094727,0.0065050821832484,0.025203982385392,0.0002430166008532,0.0319520811694937,Norway,NOR,trøndelag,,,Linux-5.15.0-105-generic-x86_64-with-glibc2.35,3.10.12,2.3.5,24,AMD Ryzen 9 7900X 12-Core Processor,1,1 x NVIDIA GeForce RTX 4090,10.4012,63.4277,61.942718505859375,process,N,1.0
2024-04-30T10:33:14,ntnu_finetune,84626531-3b7c-4f15-a3ad-a350c99c9c0e,28.92476344108581,1.4803940645553694e-05,5.1180852959114e-07,42.5,21.49409516542063,0.2472939491271973,0.0003414725273847,0.0001683956902722,1.936126182337432e-06,0.0005118043438393,Norway,NOR,trøndelag,,,Linux-5.15.0-105-generic-x86_64-with-glibc2.35,3.10.12,2.3.5,24,AMD Ryzen 9 7900X 12-Core Processor,1,1 x NVIDIA GeForce RTX 4090,10.4012,63.4277,61.94270706176758,process,N,1.0
2024-04-30T11:05:12,ntnu_finetune,386e3428-f67f-401b-b98c-df0a766e082e,55.311959981918335,4.949097331092031e-05,8.947607954427772e-07,42.5,75.99651676985913,0.3933463096618652,0.0006529878760377,0.0010448175025199,1.3204934697969292e-05,0.0017110103132556,Norway,NOR,trøndelag,,,Linux-5.15.0-105-generic-x86_64-with-glibc2.35,3.10.12,2.3.5,24,AMD Ryzen 9 7900X 12-Core Processor,1,1 x NVIDIA GeForce RTX 4090,10.4012,63.4277,61.94270706176758,process,N,1.0
2024-04-30T18:34:44,ntnu_finetune,3a8344b6-3f06-4d59-adee-d3b603337ded,526.4517967700958,0.0008752878501209,1.6626172718776547e-06,42.5,66.28627785678874,0.7582569122314453,0.0062150484639737,0.023789508476036,0.0002560428913121,0.0302605998313219,Norway,NOR,trøndelag,,,Linux-5.15.0-105-generic-x86_64-with-glibc2.35,3.10.12,2.3.5,24,AMD Ryzen 9 7900X 12-Core Processor,1,1 x NVIDIA GeForce RTX 4090,10.4012,63.4277,61.94272232055664,process,N,1.0
2024-05-01T14:30:14,ntnu_finetune,83b31db0-6b37-42f3-8112-d0854312ad3a,680.2483057975769,0.0011397618032209,1.6755084775765957e-06,42.5,85.26330033621356,0.8103232383728027,0.0080306983658009,0.0310270700994139,0.0003462696755269,0.0394040381407417,Norway,NOR,trøndelag,,,Linux-5.15.0-105-generic-x86_64-with-glibc2.35,3.10.12,2.3.5,24,AMD Ryzen 9 7900X 12-Core Processor,1,1 x NVIDIA GeForce RTX 4090,10.4012,63.4277,61.94271469116211,process,N,1.0
2024-05-01T15:14:38,ntnu_finetune,a5ddfc14-4b1d-45ec-a371-ec055b3b75ef,2583.3748230934143,0.0027540933352416,1.0660835240098186e-06,42.5,63.634122557798,0.777956485748291,0.0304981450158688,0.0640013798121739,0.0007154565113406,0.0952149813393835,Norway,NOR,trøndelag,,,Linux-5.15.0-105-generic-x86_64-with-glibc2.35,3.10.12,2.3.5,24,AMD Ryzen 9 7900X 12-Core Processor,1,1 x NVIDIA GeForce RTX 4090,10.4012,63.4277,61.94271469116211,process,N,1.0
2024-05-01T15:19:09,ntnu_finetune,ed455d94-3120-4e46-9071-21b39d25f38b,96.58011722564696,0.0001238964262914,1.2828357414596217e-06,42.5,97.56921720069268,0.5444326400756836,0.0011401805940601,0.003116458604276,2.6729039915176807e-05,0.0042833682382513,Norway,NOR,trøndelag,,,Linux-5.15.0-105-generic-x86_64-with-glibc2.35,3.10.12,2.3.5,24,AMD Ryzen 9 7900X 12-Core Processor,1,1 x NVIDIA GeForce RTX 4090,10.4012,63.4277,61.94271469116211,process,N,1.0
2024-05-01T18:55:18,ntnu_finetune,675325e0-4ff3-4eb5-bcb8-11b5a55ddbf8,483.1683807373047,0.0007456188909983,1.5431864350488466e-06,42.5,43.84726060021046,0.7222609519958496,0.0057040633648633,0.0198666870044483,0.0002069122408291,0.0257776626101408,Norway,NOR,trøndelag,,,Linux-5.15.0-105-generic-x86_64-with-glibc2.35,3.10.12,2.3.5,24,AMD Ryzen 9 7900X 12-Core Processor,1,1 x NVIDIA GeForce RTX 4090,10.4012,63.4277,61.94270706176758,process,N,1.0
2024-05-01T19:16:57,ntnu_finetune,2343c446-b5be-4b0c-b30d-0a70a786599b,643.3385105133057,0.0009817645339711,1.526046580341968e-06,42.5,33.90850186348828,0.7531743049621582,0.007594960567024,0.0260658861304703,0.0002808830854313,0.0339417297829256,Norway,NOR,trøndelag,,,Linux-5.15.0-105-generic-x86_64-with-glibc2.35,3.10.12,2.3.5,24,AMD Ryzen 9 7900X 12-Core Processor,1,1 x NVIDIA GeForce RTX 4090,10.4012,63.4277,61.94270706176758,process,N,1.0
2024-05-01T19:31:55,ntnu_finetune,89159751-06f9-4877-8ea4-6a334d2ff47a,632.8603043556213,0.0010192405337121,1.6105300438300058e-06,42.5,34.65062343911726,0.7378149032592773,0.007471259370115,0.027479877261662,0.0002862197627649,0.035237356394542,Norway,NOR,trøndelag,,,Linux-5.15.0-105-generic-x86_64-with-glibc2.35,3.10.12,2.3.5,24,AMD Ryzen 9 7900X 12-Core Processor,1,1 x NVIDIA GeForce RTX 4090,10.4012,63.4277,61.94270706176758,process,N,1.0
2024-05-01T19:49:53,ntnu_finetune,7cec7692-7da6-4e5d-9761-f36b9d3b7528,632.5533111095428,0.0010184349215118,1.6100380847354428e-06,42.5,39.87407001762575,0.7486367225646973,0.007467634409666,0.0274489077924422,0.0002929624309727,0.0352095046330811,Norway,NOR,trøndelag,,,Linux-5.15.0-105-generic-x86_64-with-glibc2.35,3.10.12,2.3.5,24,AMD Ryzen 9 7900X 12-Core Processor,1,1 x NVIDIA GeForce RTX 4090,10.4012,63.4277,61.94270706176758,process,N,1.0
2024-05-01T19:59:36,ntnu_finetune,618d21fd-3478-4b3b-94e9-307731111a0d,483.8873207569122,0.0007785059527731,1.6088579290636168e-06,42.5,44.01167862890162,0.7572712898254395,0.0057125522191325,0.0209926737385695,0.0002094137233042,0.0269146396810063,Norway,NOR,trøndelag,,,Linux-5.15.0-105-generic-x86_64-with-glibc2.35,3.10.12,2.3.5,24,AMD Ryzen 9 7900X 12-Core Processor,1,1 x NVIDIA GeForce RTX 4090,10.4012,63.4277,61.94270706176758,process,N,1.0
2024-05-02T15:34:19,ntnu_finetune,a40dbf61-6b8c-4dc9-827a-9ab8c64c707f,387.1736519336701,0.0006064200833545,1.566274151988026e-06,42.5,89.86723587322491,0.7627573013305664,0.0045707939215832,0.0162207879766205,0.000173675953292,0.0209652578514958,Norway,NOR,trøndelag,,,Linux-5.15.0-105-generic-x86_64-with-glibc2.35,3.10.12,2.3.5,24,AMD Ryzen 9 7900X 12-Core Processor,1,1 x NVIDIA GeForce RTX 4090,10.4012,63.4277,61.94270706176758,process,N,1.0
2024-05-02T15:40:10,ntnu_finetune,704b1c43-d781-46c9-8a1f-c12ac598b13f,320.62853837013245,0.0004855904711868,1.514495477087968e-06,42.5,42.26001319354517,0.695441722869873,0.0037851932177941,0.0128676416829938,0.0001350811298738,0.0167879160306617,Norway,NOR,trøndelag,,,Linux-5.15.0-105-generic-x86_64-with-glibc2.35,3.10.12,2.3.5,24,AMD Ryzen 9 7900X 12-Core Processor,1,1 x NVIDIA GeForce RTX 4090,10.4012,63.4277,61.94270706176758,process,N,1.0
2024-05-02T17:09:14,ntnu_finetune,5237531f-82bd-415c-827e-5fcb4475e6f0,406.9890470504761,0.000600512960278,1.4755015267119495e-06,42.5,39.55730018384225,0.7245368957519531,0.0048047267728381,0.015784225682926,0.0001720833360428,0.020761035791807,Norway,NOR,trøndelag,,,Linux-5.15.0-105-generic-x86_64-with-glibc2.35,3.10.12,2.3.5,24,AMD Ryzen 9 7900X 12-Core Processor,1,1 x NVIDIA GeForce RTX 4090,10.4012,63.4277,61.94270706176758,process,N,1.0
2024-05-02T17:27:58,ntnu_finetune,99d1db03-3721-4ac9-a045-210b14a7ecd1,701.253424167633,0.0014947326357248,2.1315156321683383e-06,42.5,47.5586983170866,0.7548880577087402,0.0082786774617102,0.043021454139358,0.0003760182943469,0.0516761498954151,Norway,NOR,trøndelag,,,Linux-5.15.0-105-generic-x86_64-with-glibc2.35,3.10.12,2.3.5,24,AMD Ryzen 9 7900X 12-Core Processor,1,1 x NVIDIA GeForce RTX 4090,10.4012,63.4277,61.94270706176758,process,N,1.0
2024-05-02T17:41:20,ntnu_finetune,b068c0e7-de82-4616-b76d-61fee5bb2ef6,553.7333590984344,0.000869977878935,1.5711133610434451e-06,42.5,40.26086361469577,0.72454833984375,0.0065371218726038,0.02327958112365,0.0002603196116983,0.0300770226079522,Norway,NOR,trøndelag,,,Linux-5.15.0-105-generic-x86_64-with-glibc2.35,3.10.12,2.3.5,24,AMD Ryzen 9 7900X 12-Core Processor,1,1 x NVIDIA GeForce RTX 4090,10.4012,63.4277,61.94270706176758,process,N,1.0
2024-05-02T17:56:33,ntnu_finetune,1655b5e9-1212-436a-9a9f-b80ecd2b6220,450.3201322555542,0.0007113649689067,1.5796872445913344e-06,42.5,32.769571233685404,0.7291388511657715,0.0053162727556294,0.0190763685944159,0.0002007888628078,0.0245934302128533,Norway,NOR,trøndelag,,,Linux-5.15.0-105-generic-x86_64-with-glibc2.35,3.10.12,2.3.5,24,AMD Ryzen 9 7900X 12-Core Processor,1,1 x NVIDIA GeForce RTX 4090,10.4012,63.4277,61.94270706176758,process,N,1.0
2024-05-02T18:18:59,ntnu_finetune,5a4e667e-7e3e-4b09-b294-c3a08ed5c16c,390.4319071769714,0.0006249108377396,1.6005629310834163e-06,42.5,39.68812313118108,0.7355189323425294,0.0046092611658904,0.0168322973547159,0.0001629648238935,0.0216045233444999,Norway,NOR,trøndelag,,,Linux-5.15.0-105-generic-x86_64-with-glibc2.35,3.10.12,2.3.5,24,AMD Ryzen 9 7900X 12-Core Processor,1,1 x NVIDIA GeForce RTX 4090,10.4012,63.4277,61.94270706176758,process,N,1.0
2024-05-02T18:33:46,ntnu_finetune,87955986-d43c-4507-9c3e-56af1d60fc99,490.0606379508972,0.0007785435165929,1.588667720485048e-06,42.5,32.533134220720115,0.7406044006347656,0.0057854310530755,0.0209085308934779,0.0002219763971941,0.0269159383437476,Norway,NOR,trøndelag,,,Linux-5.15.0-105-generic-x86_64-with-glibc2.35,3.10.12,2.3.5,24,AMD Ryzen 9 7900X 12-Core Processor,1,1 x NVIDIA GeForce RTX 4090,10.4012,63.4277,61.94270706176758,process,N,1.0
2024-05-02T21:01:14,ntnu_finetune,fac6b7f8-677d-42b9-8bd7-b8c2cd30b424,680.8379321098328,0.0012230773282436,1.7964294739769188e-06,42.5,52.04629101096766,0.7627973556518555,0.0080376609601908,0.033931871867698,0.0003149037578881,0.042284436585777,Norway,NOR,trøndelag,,,Linux-5.15.0-105-generic-x86_64-with-glibc2.35,3.10.12,2.3.5,24,AMD Ryzen 9 7900X 12-Core Processor,1,1 x NVIDIA GeForce RTX 4090,10.4012,63.4277,61.94270706176758,process,N,1.0
2024-05-03T00:11:00,ntnu_finetune,fb80b43f-c272-4218-b455-ed85d0a6c151,629.3229684829712,0.0013354979554159,2.122118565980993e-06,42.5,224.79474388348584,0.731773853302002,0.0074294992140597,0.0384330710242099,0.0003084913145733,0.046171061552843,Norway,NOR,trøndelag,,,Linux-5.15.0-105-generic-x86_64-with-glibc2.35,3.10.12,2.3.5,24,AMD Ryzen 9 7900X 12-Core Processor,1,1 x NVIDIA GeForce RTX 4090,10.4012,63.4277,61.94270706176758,process,N,1.0
2024-05-03T11:31:02,ntnu_finetune,64e29326-322e-495c-a83d-91f41fcdd8ad,541.5519413948059,0.0008059294944937,1.4881850343256566e-06,42.5,38.20757011797389,0.7212824821472169,0.0063933150341113,0.02123091281805,0.0002385031588587,0.02786273101102,Norway,NOR,trøndelag,,,Linux-5.15.0-105-generic-x86_64-with-glibc2.35,3.10.12,2.3.5,24,AMD Ryzen 9 7900X 12-Core Processor,1,1 x NVIDIA GeForce RTX 4090,10.4012,63.4277,61.94271469116211,process,N,1.0
2024-05-03T14:36:06,ntnu_finetune,6f2c4068-ecd3-4c22-bdf4-92d51a359d1b,5.565921306610107,1.907006147090834e-06,3.426218306080014e-07,42.5,0.0,0.15108489990234375,6.569696598582798e-05,0.0,2.3237358516022747e-07,6.59293395709882e-05,Norway,NOR,trøndelag,,,Windows-10-10.0.19045-SP0,3.10.13,2.3.5,4,Intel(R) Core(TM) i5-7200U CPU @ 2.50GHz,,,10.4012,63.4277,7.859291076660156,process,N,1.0
